target,mean,rolling_mean,random_walk,ar1,ar_aic,bridge_building_approvals,bridge_employment,bridge_goods_exports,bridge_hours_worked,bridge_unemployment_rate,bridge_average,bridge_avg_expanding,ridge,actual,vintage
1969Q4,1.2141883152574564,1.2141883152574564,1.6508258024306557,1.1151263199655443,0.5954120532357939,1.2141883152574564,1.2141883152574564,1.2141883152574564,1.2141883152574564,1.2141883152574564,1.2141883152574564,1.2141883152574564,1.2141883152574564,2.3061182259214164,1970-02-22
1970Q1,1.2408207521029189,1.248338636136436,2.3061182259214164,0.9965195475256724,1.5077306610157462,1.2408207521029189,1.2408207521029189,1.2408207521029189,1.2408207521029189,1.2408207521029189,1.2408207521029189,1.2408207521029189,1.2408207521029189,2.0735946302289365,1970-05-25
1970Q2,1.26064870158211,1.2874949892331558,2.0735946302289365,1.08778832265798,1.1078252361029421,1.26064870158211,1.26064870158211,1.26064870158211,1.26064870158211,1.26064870158211,1.26064870158211,1.26064870158211,1.26064870158211,2.028534523250358,1970-08-23
1970Q3,1.2785065113883483,1.2698985103323626,2.028534523250358,1.1268980285661827,1.1859097521672783,1.2785065113883483,1.2785065113883483,1.2785065113883483,1.2785065113883483,1.2785065113883483,1.2785065113883483,1.2785065113883483,1.2785065113883483,-0.2093223996547211,1970-11-22
1970Q4,1.244692217955551,1.2592949766711512,-0.2093223996547211,1.5786272624915108,1.3282741228485573,1.244692217955551,1.244692217955551,1.244692217955551,1.244692217955551,1.244692217955551,1.244692217955551,1.244692217955551,1.244692217955551,0.4361020406692173,1971-02-22
1971Q1,1.2267235473491882,1.2746978711351447,0.4361020406692173,1.3955064328145932,0.8872575308475976,1.2267235473491882,1.2267235473491882,1.2267235473491882,1.2267235473491882,1.2267235473491882,1.2267235473491882,1.2267235473491882,1.2267235473491882,1.2452093530652908,1971-05-25
1971Q2,1.2271254126908426,1.2983238931116474,1.2452093530652908,1.229818826064831,1.0288719784087692,1.2271254126908426,1.2271254126908426,1.2271254126908426,1.2271254126908426,1.2271254126908426,1.2271254126908426,1.2271254126908426,1.2271254126908426,0.43595687216893,1971-08-23
1971Q3,1.2102920394882486,1.33672491453853,0.43595687216893,1.3739997070171803,1.7412797660819377,1.2102920394882486,1.2102920394882486,1.2102920394882486,1.2102920394882486,1.2102920394882486,1.2102920394882486,1.2102920394882486,1.2102920394882486,3.118912509528249,1971-11-22
1971Q4,1.2500549659474152,1.4327280828604654,3.118912509528249,0.84680797827382,1.037333252384173,1.2500549659474152,1.2500549659474152,1.2500549659474152,1.2500549659474152,1.2500549659474152,1.2500549659474152,1.2500549659474152,1.2500549659474152,-0.3230597592109641,1972-02-22
1972Q1,1.2179505838013258,1.395948844500267,-0.3230597592109641,1.5988227440688263,1.8652276168155146,1.2179505838013258,1.2179505838013258,1.2179505838013258,1.2179505838013258,1.2179505838013258,1.2179505838013258,1.2179505838013258,1.2179505838013258,-1.1920538896251442,1972-05-24
1972Q2,1.1697504943327965,1.2962026432237403,-1.1920538896251442,1.6395751648385715,1.496053325291193,1.1697504943327965,1.1697504943327965,1.1697504943327965,1.1697504943327965,1.1697504943327965,1.1697504943327965,1.1697504943327965,1.1697504943327965,2.2266235796935208,1972-08-23
1972Q3,1.1904734960065362,1.3037556591423656,2.2266235796935208,0.976900046660907,0.37675268118292216,1.1904734960065362,1.1904734960065362,1.1904734960065362,1.1904734960065362,1.1904734960065362,1.1904734960065362,1.1904734960065362,1.1904734960065362,-0.503742377582439,1972-11-22
1972Q4,1.1578924215144406,1.2711550517654628,-0.503742377582439,1.5381775504284019,2.049303227860784,1.1578924215144406,1.1578924215144406,1.1578924215144406,1.1578924215144406,1.1578924215144406,1.1578924215144406,1.1578924215144406,1.1578924215144406,1.045381871848483,1973-02-22
1973Q1,1.1557695809547055,1.2524619734672273,1.045381871848483,1.1840040225192237,1.5814444724647945,1.1557695809547055,1.1557695809547055,1.1557695809547055,1.1557695809547055,1.1557695809547055,1.1557695809547055,1.1557695809547055,1.1557695809547055,2.596559558584865,1973-05-25
1973Q2,1.1824508768367454,1.2595172606382012,2.596559558584865,0.876414558610942,0.6231025193568348,1.1824508768367454,1.1824508768367454,1.1824508768367454,1.1824508768367454,1.1824508768367454,1.1824508768367454,1.1824508768367454,1.1824508768367454,0.1884952019403085,1973-08-23
1973Q3,1.1643789554749921,1.296524555794124,0.1884952019403085,1.391905961115061,1.9341108032014969,1.1643789554749921,1.1643789554749921,1.1643789554749921,1.1643789554749921,1.1643789554749921,1.1643789554749921,1.1643789554749921,1.1643789554749921,1.0012235715131546,1973-11-22
1973Q4,1.1614654664756736,1.218932255405673,1.0012235715131546,1.2015766647743513,1.1643712769123127,1.1614654664756736,1.1614654664756736,1.1614654664756736,1.1614654664756736,1.1614654664756736,1.1614654664756736,1.1614654664756736,1.1614654664756736,2.4964829095456498,1974-02-22
1974Q1,1.184886825126024,1.2280256065291573,2.4964829095456498,0.8913993872946273,0.539076534468867,1.184886825126024,1.184886825126024,1.184886825126024,1.184886825126024,1.184886825126024,1.184886825126024,1.184886825126024,1.184886825126024,0.0305015600277069,1974-05-25
1974Q2,1.1649836309001909,1.233095599747028,0.0305015600277069,1.438437469786642,1.7288563347912584,1.1649836309001909,1.1649836309001909,1.1649836309001909,1.1649836309001909,1.1649836309001909,1.1649836309001909,1.1649836309001909,1.1649836309001909,-2.029641017170958,1974-08-23
1974Q3,1.1108374504244087,1.1204733861989422,-2.029641017170958,1.7457375499962495,1.6856893985148889,1.1108374504244087,1.1108374504244087,1.1108374504244087,1.1108374504244087,1.1108374504244087,1.1108374504244087,1.1108374504244087,1.1108374504244087,1.182710637911577,1974-11-22
1974Q4,1.1120353368825282,1.1347365219287855,1.182710637911577,1.101786993295768,0.6412847937003318,1.1120353368825282,1.1120353368825282,1.1120353368825282,1.1120353368825282,1.1120353368825282,1.1120353368825282,1.1120353368825282,1.1120353368825282,0.115350601745634,1975-02-22
1975Q1,1.0956962428638906,1.066624898038986,0.115350601745634,1.2813931547822264,1.3612591807410397,1.0956962428638906,1.0956962428638906,1.0956962428638906,1.0956962428638906,1.0956962428638906,1.0956962428638906,1.0956962428638906,1.0956962428638906,0.3821386965037865,1975-05-25
1975Q2,1.084187250180663,1.054807511689628,0.3821386965037865,1.2124567680519007,1.7894730940913932,1.084187250180663,1.084187250180663,1.084187250180663,1.084187250180663,1.084187250180663,1.084187250180663,1.084187250180663,1.084187250180663,3.162801374798341,1975-08-23
1975Q3,1.1171811251745944,1.094735765833434,3.162801374798341,0.729915194518798,0.693595648106826,1.1171811251745944,1.1171811251745944,1.1171811251745944,1.1171811251745944,1.1171811251745944,1.1171811251745944,1.1171811251745944,1.1171811251745944,-1.1076565522953552,1975-11-22
1975Q4,1.0824180364641265,1.0745617180932308,-1.1076565522953552,1.568541358091412,1.7690716122391936,1.0824180364641265,1.0824180364641265,1.0824180364641265,1.0824180364641265,1.0824180364641265,1.0824180364641265,1.0824180364641265,1.0824180364641265,-1.5032095555374991,1976-02-22
1976Q1,1.0426391504333323,1.0308253717735605,-1.5032095555374991,1.4738049599992116,1.6997208131700006,1.0426391504333323,1.0426391504333323,1.0426391504333323,1.0426391504333323,1.0426391504333323,1.0426391504333323,1.0426391504333323,1.0426391504333323,4.430596626603878,1976-05-24
1976Q2,1.0939718394662192,1.1487309683739912,4.430596626603878,0.3481360445096534,-0.20816809593115448,1.0939718394662192,1.0939718394662192,1.0939718394662192,1.0939718394662192,1.0939718394662192,1.0939718394662192,1.0939718394662192,1.0939718394662192,0.2977492586651031,1976-08-23
1976Q3,1.0820879203497848,1.1220876968233942,0.2977492586651031,1.2609774728722705,1.2257715721704032,1.0820879203497848,1.0820879203497848,1.0820879203497848,1.0820879203497848,1.0820879203497848,1.0820879203497848,1.0820879203497848,1.0820879203497848,0.8124416871645224,1976-11-22
1976Q4,1.0781225345676486,1.0717506606302387,0.8124416871645224,1.1394017112150074,2.1182429618138894,1.0781225345676486,1.0781225345676486,1.0781225345676486,1.0781225345676486,1.0781225345676486,1.0781225345676486,1.0781225345676486,1.0781225345676486,0.8611830599943415,1977-02-22
1977Q1,1.0749784842115138,1.0767677783539888,0.8611830599943415,1.124498577331689,0.4270564754271362,1.0749784842115138,1.0749784842115138,1.0749784842115138,1.0749784842115138,1.0749784842115138,1.0749784842115138,1.0749784842115138,1.0749784842115138,-0.5380380380380356,1977-05-25
1977Q2,1.0519353910365201,0.9656429802411083,-0.5380380380380356,1.4031755962334482,1.4810487593866017,1.0519353910365201,1.0519353910365201,1.0519353910365201,1.0519353910365201,1.0519353910365201,1.0519353910365201,1.0519353910365201,1.0519353910365201,1.4167700040136788,1977-08-23
1977Q3,1.0570739067122548,1.004521862131525,1.4167700040136788,0.9796155928901971,1.0922131373181971,1.0570739067122548,1.0570739067122548,1.0570739067122548,1.0570739067122548,1.0570739067122548,1.0570739067122548,1.0570739067122548,1.0570739067122548,-0.4288397698678059,1977-11-22
1977Q4,1.0364362167597538,0.9469434092825285,-0.4288397698678059,1.3650155485560918,1.1478073148747872,1.0364362167597538,1.0364362167597538,1.0364362167597538,1.0364362167597538,1.0364362167597538,1.0364362167597538,1.0364362167597538,1.0364362167597538,-0.3126334772910688,1978-02-22
1978Q1,1.0179558099919344,0.9174105267293896,-0.3126334772910688,1.2946620847759827,1.6337389040783217,1.0179558099919344,1.0179558099919344,1.0179558099919344,1.0179558099919344,1.0179558099919344,1.0179558099919344,1.0179558099919344,1.0179558099919344,0.6968537440267486,1978-05-25
1978Q2,1.0136165928842966,0.9570660418191077,0.6968537440267486,1.0785931424685922,0.8101604803004253,1.0136165928842966,1.0136165928842966,1.0136165928842966,1.0136165928842966,1.0136165928842966,1.0136165928842966,1.0136165928842966,1.0136165928842966,0.8421388554003206,1978-08-23
1978Q3,1.011330223051177,0.8820335676305711,0.8421388554003206,1.046372185623313,1.1334300270717903,1.011330223051177,1.011330223051177,1.011330223051177,1.011330223051177,1.011330223051177,1.011330223051177,1.011330223051177,1.011330223051177,1.5201861261039618,1978-11-22
1978Q4,1.0180256954597664,0.8869904445626418,1.5201861261039618,0.9176739235398612,1.1499109324826635,1.0180256954597664,1.0180256954597664,1.0180256954597664,1.0180256954597664,1.0180256954597664,1.0180256954597664,1.0180256954597664,1.0180256954597664,0.8116330218032486,1979-02-22
1979Q1,1.0153452711265647,0.8139944812685798,0.8116330218032486,1.0575296208368505,1.0712914510621996,1.0153452711265647,1.0153452711265647,1.0153452711265647,1.0153452711265647,1.0153452711265647,1.0153452711265647,1.0153452711265647,1.0153452711265647,2.7519941364086757,1979-05-25
1979Q2,1.037610000168643,0.8998573633367947,2.7519941364086757,0.6884303403139678,0.8545435731580895,1.037610000168643,1.037610000168643,1.037610000168643,1.037610000168643,1.037610000168643,1.037610000168643,1.037610000168643,1.037610000168643,-1.61053927988275,1979-08-23
1979Q3,1.0040891232059672,0.8101583481350954,-1.61053927988275,1.604638333003908,1.351878435576677,1.0040891232059672,1.0040891232059672,1.0040891232059672,1.0040891232059672,1.0040891232059672,1.0040891232059672,1.0040891232059672,1.0040891232059672,0.9288995372494392,1979-11-22
1979Q4,1.0031492533815107,0.792110191505565,0.9288995372494392,1.0201783478410213,1.3017059453667963,1.0031492533815107,1.0031492533815107,1.0031492533815107,1.0031492533815107,1.0031492533815107,1.0031492533815107,1.0031492533815107,1.0031492533815107,1.9248792040091445,1980-02-22
1980Q1,1.0145286354880247,0.7825792159577583,1.9248792040091445,0.8161148318932978,0.18639169161766955,1.0145286354880247,1.0145286354880247,1.0145286354880247,1.0145286354880247,1.0145286354880247,1.0145286354880247,1.0145286354880247,1.0145286354880247,0.4707553558745303,1980-05-24
1980Q2,1.0078972540293236,0.7425082340988981,0.4707553558745303,1.1273576979732203,1.5553548798561918,1.0078972540293236,1.0078972540293236,1.0078972540293236,1.0078972540293236,1.0078972540293236,1.0078972540293236,1.0078972540293236,1.0078972540293236,0.2471530814673439,1980-08-23
1980Q3,0.9987316615888179,0.6979736980543227,0.2471530814673439,1.1632583298842416,1.2759928271612853,0.9987316615888179,0.9987316615888179,0.9987316615888179,0.9987316615888179,0.9987316615888179,0.998731661588818,0.998731661588818,0.9987316615888179,0.5422868981954654,1980-11-22
1980Q4,0.9932977953579447,0.7167639305005774,0.5422868981954654,1.0909599504986265,0.8746636997557612,0.9932977953579447,0.9932977953579447,0.9932977953579447,0.9932977953579447,0.9932977953579447,0.9932977953579447,0.9932977953579447,0.9932977953579447,1.7126918622669465,1981-02-22
1981Q1,1.0017612549686388,0.7486786760405206,1.7126918622669465,0.8483850538225044,0.8762797778453953,1.0017612549686388,1.0017612549686388,1.0017612549686388,1.0017612549686388,1.0017612549686388,1.0017612549686388,1.0017612549686388,1.0017612549686388,0.3757931480560916,1981-05-25
1981Q2,0.9944825560510511,0.7269432709152907,0.3757931480560916,1.1304625192133904,1.1432524471801637,0.9944825560510511,0.9944825560510511,0.9944825560510511,0.9944825560510511,0.9944825560510511,0.9944825560510511,0.9944825560510511,0.9944825560510511,1.5571910914184084,1981-08-23
1981Q3,1.0009504702506757,0.7549741263965275,1.5571910914184084,0.8791183571558924,1.0676997307895961,1.0009504702506757,1.0009504702506757,1.0009504702506757,1.0009504702506757,1.0009504702506757,1.0009504702506757,1.0009504702506757,1.0009504702506757,2.018374602775075,1981-11-22
1981Q4,1.0125121081202713,0.7274606787276983,2.018374602775075,0.7955802551446374,0.6053899156611418,1.0125121081202713,1.0125121081202713,0.235627785718156,1.0125121081202713,1.0125121081202713,0.857135243639848,0.815456016701211,1.0125121081202713,-0.40966964281125,1982-02-22
1982Q1,0.9965325378850856,0.7252954316376912,-0.40966964281125,1.3116649771450042,1.3927190026630423,0.9965325378850856,0.9965325378850856,1.2664897180571024,0.9965325378850856,0.9965325378850856,1.0505239739194892,1.0878423669755342,0.9965325378850856,-0.8000000000000007,1982-05-25
1982Q2,0.976571065241918,0.7350967788783198,-0.8000000000000007,1.3433799409616372,1.3855906802420306,0.976571065241918,0.976571065241918,0.835517529975732,0.976571065241918,0.976571065241918,0.9483603581886808,1.0029054659355157,0.976571065241918,0.890738813735692,1982-08-23
1982Q3,0.9756278536869045,0.701699659729374,0.890738813735692,0.9931356543018713,0.738305916628833,0.9756278536869045,0.9756278536869045,0.5049470198682847,0.9756278536869045,0.9756278536869045,0.8814916869231805,0.875114059088092,0.9756278536869045,-0.6616403316968555,1982-11-22
1982Q4,0.9578314603675158,0.6977522108765136,-0.6616403316968555,1.2831555141607605,1.233001674592414,0.9578314603675158,0.9578314603675158,0.6863161779300072,0.9578314603675158,0.9578314603675158,0.9035284038800141,0.9553377525779144,0.9578314603675158,-1.6093111629090109,1983-02-22
1983Q1,0.9302277762462628,0.6313848850075762,-1.6093111629090109,1.37259024358967,1.5446348738326396,0.9302277762462628,0.9302277762462628,-0.06087272770949276,0.9302277762462628,0.9302277762462628,0.7320076754551117,0.8257219926732876,0.9302277762462628,-0.9655514459528614,1983-05-25
1983Q2,0.9100599121803148,0.5423321098941332,-0.9655514459528614,1.175697093227327,0.7721892218185371,0.9100599121803148,0.9100599121803148,0.8624086916283878,0.9100599121803148,0.9100599121803148,0.9005296680699294,0.9459164461900496,0.9100599121803148,-0.2040501014922813,1983-08-23
1983Q3,0.8983324383521821,0.5325184773083184,-0.2040501014922813,1.0389096581229187,0.6380218489263187,0.8983324383521821,0.8983324383521821,0.3849508032618468,0.8983324383521821,0.8983324383521821,0.7956561113341151,0.8120773796670141,0.8983324383521821,2.78193000064062,1983-11-22
1983Q4,0.9179532462926868,0.5770361380365049,2.78193000064062,0.6602440979870015,0.7924117229605196,0.9179532462926868,0.9179532462926868,0.9168004633501988,0.9179532462926868,0.9179532462926868,0.9177226897041892,0.860561412785315,0.9179532462926868,1.6828808426869957,1984-02-22
1984Q1,0.9258390978019065,0.5566960863650385,1.6828808426869957,0.8286666802358633,0.9978602420779531,0.9258390978019065,0.9258390978019065,0.34495209846735586,0.9258390978019065,0.9258390978019065,0.8096616979349964,0.7895168187530349,0.9258390978019065,2.443721362640283,1984-05-24
1984Q2,0.9413276923410736,0.617026581430353,2.443721362640283,0.7583758402184603,1.2681877562443058,0.9413276923410736,0.9413276923410736,0.7146937659828315,0.9413276923410736,0.9413276923410736,0.8960009070694251,0.8711225136451148,0.9413276923410736,1.1652896270774038,1984-08-23
1984Q3,0.943589934106087,0.6968998475365621,1.1652896270774038,0.9173267127448445,0.7075037606833319,0.943589934106087,0.943589934106087,1.2083744494504332,0.943589934106087,0.943589934106087,0.9965468371749562,0.9953452064093742,0.943589934106087,0.9246480817002524,1984-11-22
1984Q4,0.9434005155820288,0.690448283631279,0.9246480817002524,0.9456578941557465,1.0079702628339653,0.9434005155820288,0.9434005155820288,0.3319520239561833,0.9434005155820288,0.9434005155820288,0.8211108172568597,0.7958921414002474,0.9434005155820288,0.6050868316696212,1985-02-22
1985Q1,0.9400508751472525,0.7026916893793785,0.6050868316696212,0.9797630867984488,0.7204820938610129,0.9400508751472525,0.9400508751472525,0.9979275164746186,0.9400508751472525,0.9400508751472525,0.9516262034127259,0.9481036432797749,0.9400508751472525,1.478619243409085,1985-05-25
1985Q2,0.9453309571890351,0.7301037030520111,1.478619243409085,0.8817051251131398,0.846855520724212,0.9453309571890351,0.9453309571890351,1.1389223074757726,0.9453309571890351,0.9453309571890351,0.9840492272463826,0.9656092935414572,0.9453309571890351,2.242058082076448,1985-08-23
1985Q3,0.9579205409258061,0.7070851207339637,2.242058082076448,0.8095577186488052,0.8138850856889301,0.9579205409258061,0.9579205409258061,0.4655678669612234,0.9579205409258061,0.9579205409258061,0.8594500061328896,0.8193045535809118,0.9579205409258061,1.2838267769584857,1985-11-22
1985Q4,0.9610542547338125,0.7668722039653098,1.2838267769584857,0.9249260083071812,1.0763655676835098,0.9610542547338125,0.9610542547338125,0.684074107526542,0.9610542547338125,0.9610542547338125,0.9056582252923583,0.8767484280879281,0.9610542547338125,-0.2864005912786349,1986-02-22
1986Q1,0.9491737323908368,0.7972924280717814,-0.2864005912786349,1.0907823214056012,1.1159001963518564,0.9491737323908368,0.9491737323908368,0.5596943938957843,0.9491737323908368,0.9491737323908368,0.8712778646918263,0.8254507110732339,0.9491737323908368,0.6870193644028522,1986-05-25
1986Q2,0.9467005779758558,0.7037029965167558,0.6870193644028522,0.9758506468845014,0.7740450775231005,0.9467005779758558,0.9467005779758558,0.5510743089411515,0.9467005779758558,0.9467005779758558,0.8675753241689149,0.8172323243764857,0.9467005779758558,-0.1771393603658744,1986-08-23
1986Q3,0.936197400982008,0.6918307810409813,-0.1771393603658744,1.059174638838395,0.8029481169358418,0.936197400982008,0.936197400982008,0.9735603077509785,0.936197400982008,0.936197400982008,0.9436699823358021,1.0088471572555868,0.936197400982008,0.2613409046912318,1986-11-22
1986Q4,0.9299487297200564,0.678053261479149,0.2613409046912318,1.0007463226161029,1.1451885358025338,0.9299487297200564,0.9299487297200564,0.7076983721056824,0.9299487297200564,0.9299487297200564,0.8854986581971815,0.8921267979634925,0.9299487297200564,1.6448684059303442,1987-02-22
1987Q1,0.9365076258320774,0.6976453951275492,1.6448684059303442,0.8598478783292507,0.7808146450573621,0.9365076258320774,0.9365076258320774,0.5815009034923341,0.9365076258320774,0.9365076258320774,0.8655062813641287,0.8236669031938536,0.9365076258320774,0.9963682084820124,1987-05-25
1987Q2,0.9370518129470767,0.7360055512905503,0.9963682084820124,0.9306364360426485,1.0531020230453927,0.9370518129470767,0.9370518129470767,0.7751907545516674,0.9370518129470767,0.9370518129470767,0.9046796012679948,0.8961795924672902,0.9370518129470767,1.5942249648464468,1987-08-23
1987Q3,0.942972291793017,0.7404419253113694,1.5942249648464468,0.8730031928836913,1.0988691458809605,0.942972291793017,0.942972291793017,0.7263383624733953,0.942972291793017,0.942972291793017,0.8996455059290926,0.8768839220015083,0.942972291793017,1.7997408161646078,1987-11-22
1987Q4,0.9506220107606204,0.7961564399621799,1.7997408161646078,0.862012734147802,0.7667782139567585,0.9506220107606204,0.9506220107606204,0.9965997796607955,0.9506220107606204,0.9506220107606204,0.9598175645406555,0.9727550790607082,0.9506220107606204,2.019493481244772,1988-02-22
1988Q1,0.960081050322427,0.8544596139255759,2.019493481244772,0.8547576089609348,0.969343447483008,0.960081050322427,0.960081050322427,0.9055037113317559,0.960081050322427,0.960081050322427,0.9491655825242928,0.9225826024174111,0.960081050322427,0.4193317007125996,1988-05-24
1988Q2,0.9553376349749724,0.8475215628427222,0.4193317007125996,1.010065415214057,0.9821694776193948,0.9553376349749724,1.0070082853399824,0.3992984629353896,0.9553376349749724,0.6977257354531792,0.8029415507356992,0.7253613692799913,0.9553376349749724,0.1022819007527431,1988-08-23
1988Q3,0.9479197590252139,0.8290251389765327,0.1022819007527431,1.0320857277345001,0.9563545337461181,0.9479197590252139,1.0411865517780265,0.8338839442034017,0.9479197590252139,1.919741043301735,1.1381302114667182,1.1672837354483974,0.9479197590252139,0.7975747647175568,1988-11-22
1988Q4,0.9466236814880788,0.8109598549418726,0.7975747647175568,0.9613569594255261,0.6807715585589067,0.9466236814880788,1.2324582093295913,0.8040290916422755,1.5870481263518785,1.0449703719501588,1.1230258961523965,1.0997642952745448,0.9466236814880788,1.6420086121676114,1989-02-22
1989Q1,0.9525671424340578,0.8317192447009816,1.6420086121676114,0.8844484766178572,0.9031599105394102,0.9525671424340578,1.489728795889695,0.7702580643478704,1.3137280378457306,1.0570137825672228,1.1166591646169153,1.0757271431905933,0.9525671424340578,0.924781168092581,1989-05-25
1989Q2,0.9523316680752317,0.7860389204930792,0.924781168092581,0.9551585754069443,1.089447031629904,0.9523316680752317,1.3608920647803098,1.0098282004506445,0.7504500733081858,1.3650639446314048,1.0877131902491552,1.1389131633258756,0.9523316680752317,2.161325623938315,1989-08-23
1989Q3,0.9624912811497114,0.880335543088606,2.161325623938315,0.844031523555164,0.9847817370881208,0.9624912811497114,1.1568042537701446,0.796866299824108,1.3033641171299943,1.0907391351312508,1.0620530174010419,0.9805381414038143,0.9624912811497114,0.850956676752368,1989-11-22
1989Q4,0.9615618261130668,0.8783869715761792,0.850956676752368,0.9726835676692108,0.8398347784705575,0.9615618261130668,0.9885019047175619,0.6325715625955655,1.0208983345695506,1.0784911804451558,0.93640496168818,0.8901134719764847,0.9615618261130668,-0.2683122091963308,1990-02-22
1990Q1,0.9513975778873693,0.8235571862460423,-0.2683122091963308,1.0713280396053357,1.1633075433183282,0.9513975778873693,0.6410833981230821,0.9970940100888435,0.2393543326902674,0.3117177476694525,0.6281294132918029,0.6809436598330008,0.9513975778873693,0.7494804105849129,1990-05-25
1990Q2,0.9497425191389886,0.8305253126138018,0.7494804105849129,0.969117517549104,0.7121214563264029,0.9497425191389886,0.7578851968614748,0.6410458885011444,1.1151893872080128,0.5286413916209182,0.7985008766661077,0.7499797673837921,0.9497425191389886,0.1356857455024451,1990-08-23
1990Q3,0.9431241713858459,0.8277386292146793,0.1356857455024451,1.0202911894282045,0.8743624134165168,0.9431241713858459,0.20007168561172675,0.7916457915108155,0.2697573500157776,-0.17572797392285533,0.40577420492026206,0.42662404338511334,0.9431241713858459,-0.5203430088509542,1990-11-22
1990Q4,0.9313220167065168,0.8011728815385188,-0.5203430088509542,1.0612563137910866,1.2138704761182928,0.9313220167065168,-0.20715513884690417,0.8520440790219634,-0.6073888964550129,-0.03428491758613661,0.18690742856808532,0.29500205120506356,0.9313220167065168,0.5507820233617178,1991-02-22
1991Q1,0.9282776967597585,0.7721251355658882,0.5507820233617178,0.9606567092984187,0.8682102166717343,0.9282776967597585,-0.4782676035329741,0.7570444705159812,-0.09436011345817408,-0.29522546523116067,0.1634937970106862,0.22812181369712192,0.9282776967597585,-1.2561973056733675,1991-05-25
1991Q2,0.9109405935658448,0.7313253742226518,-1.2561973056733675,1.088505845166702,0.9610016958286203,0.9109405935658448,-0.2582352508889831,0.6492580368386164,-0.07163822571773576,-0.4500419098489712,0.1560566487897542,0.23956641013847105,0.9109405935658448,-0.2089722473688993,1991-08-23
1991Q3,0.9021223822199018,0.6871712907529689,-0.2089722473688993,0.978449425699214,1.0856991111422076,0.9021223822199018,-0.20102704006718586,0.6758655495159794,0.32790290534030664,0.5636844913027099,0.4537096576623424,0.5088258509162924,0.9021223822199018,0.456785239002988,1991-11-22
1991Q4,0.8986431857885198,0.6481315566586667,0.456785239002988,0.9276045940861232,0.6320159516181649,0.8986431857885198,0.010681254665688089,0.3600047607438268,0.420060659845198,0.23834980171917575,0.38554793255248165,0.4375241965438857,0.8986431857885198,0.0700163106178042,1992-02-22
1992Q1,0.8922197216399096,0.6601237054943931,0.0700163106178042,0.9449021947503575,1.1224628128090706,0.8922197216399096,0.6061546243131766,0.6054373030363833,0.29243674587316215,0.530902877069269,0.5854302543863802,0.6417613204369517,0.8922197216399096,0.792300414238345,1992-05-24
1992Q2,0.8914511115829745,0.6999312158503519,0.792300414238345,0.8974144715041176,0.9853209824333534,0.8914511115829745,0.24714400755396754,0.7199499374839036,0.3883728358723443,0.5447734992846136,0.5583382783555606,0.5637114013119754,0.8914511115829745,0.7241489474991925,1992-08-23
1992Q3,0.8901739958266097,0.6957664691944393,0.7241489474991925,0.9003931834736334,0.8403072589074788,0.8901739958266097,0.627594422317221,0.7960260836202375,0.6313625570006729,0.5658144870972874,0.7021943091724057,0.703787140799156,0.8901739958266097,0.9695545766030378,1992-11-22
1992Q4,0.8907753638627949,0.7365463419019367,0.9695545766030378,0.8853636545362296,1.004518614305856,0.8907753638627949,-0.096849885024401,0.85892513171109,0.28443501150657513,0.4197916736605295,0.47141545914331767,0.46891045254716957,0.8907753638627949,2.094232715793232,1993-02-22
1993Q1,0.8998239153810688,0.8291349388694925,2.094232715793232,0.8237062963114576,0.8552783614596192,0.8998239153810688,0.698793199825235,0.5689574515514062,1.0981191332781877,1.2169763641474236,0.8965340128366643,0.8389559466014287,0.8998239153810688,0.6932547264777655,1993-05-25
1993Q2,0.89828235426985,0.8706050931802582,0.6932547264777655,0.9111268521332062,0.9885853199526023,0.89828235426985,0.6116660947901936,0.6579698519492387,0.6216424110316061,0.9677578197385917,0.7514637063558961,0.6683254815371833,0.89828235426985,0.5711569512139913,1993-08-23
1993Q3,0.895859203136103,0.8899852694979152,0.5711569512139913,0.9162642630563186,1.0512806263095091,0.895859203136103,0.8613192386356849,1.0611492015793904,0.7754010233691037,0.8604308738814235,0.8908319081203411,0.7993963733529299,0.895859203136103,0.1207847256086136,1993-11-22
1993Q4,0.8901601260954597,0.823456637622115,0.1207847256086136,0.9380116171289671,0.6478297897332677,0.795990980587333,1.0736895384638616,0.6987886430831822,1.236364129363999,0.841001283517572,0.9291669150031897,0.8518923103700233,0.8518871968788546,1.8294419134396331,1994-02-22
1994Q1,0.8970161975359281,0.8271206643909309,1.8294419134396331,0.8353490276727248,0.8204604464268243,0.875183337360779,0.9335784890968817,0.6507183125146379,0.8426901149388659,1.361363315511419,0.9327067138845166,0.9956290330335709,1.0520649975845873,1.667801100093813,1994-05-25
1994Q2,0.9026015953805505,0.8077226578272694,1.667801100093813,0.8546774857832384,0.8557734609960456,0.946475069409686,0.9173994470741793,0.6594267621159904,1.044631181508548,1.4262112315096098,0.9988287383236027,1.1198855853807346,1.312518499282396,1.1916997191743215,1994-08-23
1994Q3,0.9046814379977719,0.8083829101296921,1.1916997191743215,0.8868874070437833,1.1810435436386943,0.8461825773383101,1.1823019280819773,0.5755452235277804,1.1541723551759233,1.244535471916759,1.00054751120815,1.1016547112655855,1.0708744621992365,0.7624606163342484,1994-11-22
1994Q4,0.9036655749858895,0.804328223495542,0.7624606163342484,0.912053654510597,0.8532290759874548,0.47648455416395297,0.8395783787922984,0.858953417829224,0.7653600333424145,1.2424379894270068,0.8365628747109793,0.8455792944902957,1.1248563212371057,1.1030938446085825,1995-02-22
1995Q1,0.9050799598768305,0.816778398819016,1.1030938446085825,0.8926758849304096,0.7953572816367573,0.5540227400074149,1.0300858460648834,1.037689042199726,0.9859053995933023,1.1224125468390542,0.9460231149408763,0.980287033610362,1.2289580340558677,-0.0793369397706245,1995-05-25
1995Q2,0.8981474464990316,0.7778294942395234,-0.0793369397706245,0.9586943592285966,0.8585953154552826,0.5661531369493615,1.0023580325007329,0.7174056902800725,1.1056588705921404,1.1576594266049616,0.9098470313854538,0.9131513354602954,1.0018326170181755,0.4763995994870651,1995-08-23
1995Q3,0.8951981608555912,0.7336880321747887,0.4763995994870651,0.9200605069990957,0.9183184075469338,0.5705283514929619,0.7515589535559991,0.9340522970279768,0.6406505604715544,0.7270181367043803,0.7247616598505745,0.7265434638173973,0.7220984172832868,2.3109118818424257,1995-11-22
1995Q4,0.905029506140222,0.7593651597968873,2.3109118818424257,0.8165825319832036,0.6751132672787252,0.6138998524104601,0.7571559407284504,0.6144238416457095,0.7348449802231902,0.746190266407126,0.6933029762829872,0.8395181939919911,0.482764138783156,-0.0160628844839361,1996-02-22
1996Q1,0.8986771448255726,0.7661236024667547,-0.0160628844839361,0.9605481468057515,1.0813412186842,0.7506134176830991,0.670927433051384,1.041510222474158,0.7608791708055559,0.7698900862851256,0.7987640660598645,0.7445033952919881,1.0345711338516115,1.545019193103481,1996-05-24
1996Q2,0.9031041451562433,0.7875735981842705,1.545019193103481,0.8577074679606951,1.1133889256525487,0.8588507035693338,0.6905796091106841,0.5126704560441486,0.48693984986639516,0.7842947305188095,0.6666670698218742,0.6960479359751136,0.4891591323797769,0.6402466733765877,1996-08-23
1996Q3,0.901315999089715,0.808008249027832,0.6402466733765877,0.9195702010687189,0.5533138447912332,0.847521347583669,0.6120299679140191,0.4985205725299759,0.6979712708809038,0.6252634983011677,0.6562613314419472,0.6103739129974365,0.3518161693432706,0.797725562337992,1996-11-22
1996Q4,0.9006160637062575,0.8214178654690011,0.797725562337992,0.9076314940276449,1.1373516663369918,0.86238908416298,0.6649406839161901,0.7089794297825291,0.6811312288613186,0.8325512862048363,0.7499983425855707,0.7114514374157043,0.7196049352625496,0.9543403238651438,1997-02-22
1997Q1,0.9009766292106794,0.804154663417371,0.9543403238651438,0.8969334343970201,0.7416725955996837,0.8844535048646558,0.7575168539398176,1.1628010319266733,0.8371363622075725,0.810294222080812,0.8904403950039063,0.8559924853257961,1.2323631768982968,0.702415230281761,1997-05-25
1997Q2,0.8996528865511533,0.7968058389623648,0.702415230281761,0.9133567057895899,0.9352088672158048,0.8325302501674207,0.6053680839685772,1.712258809193549,0.6451391484088974,0.9371446938710151,0.9464881971218919,0.8632169851927316,1.7209601356773665,2.982965209075217,1997-08-23
1997Q3,0.9134496568989948,0.8315243450680839,2.982965209075217,0.762900942678172,0.8435501452981303,0.8971926814465113,0.7936519989470187,0.2308740682986537,0.6988733195823924,0.9464915429909868,0.7134167222531126,0.8304053011428051,0.39856848439035103,0.1483303329191887,1997-11-22
1997Q4,0.9084159771359698,0.7902390829869486,0.1483303329191887,0.9676332987998636,0.976124951269421,0.8048506115514636,0.9194995374454562,0.6896873328440584,0.9226850627215702,1.1755335398763636,0.9024512168877823,0.9739706518854165,1.0527546337733549,1.4437622634343894,1998-02-22
1998Q1,0.9119149724712535,0.7758458025416889,1.4437622634343894,0.869314463313523,1.1622405118227572,0.7767871092253341,0.7461195707903667,0.3683927675459401,0.7028504202417696,0.907018616081751,0.7002336967770324,0.763490058962112,0.4941065836475147,0.6092805311004534,1998-05-25
1998Q2,0.9099498137610534,0.7805945233013853,0.6092805311004534,0.9339102399242619,0.4787341852413778,0.8447997541630994,0.8477400368349151,1.0196433173034185,0.7481582957227776,0.895727984148462,0.8712138776345345,0.8990858927955235,1.2701062609983167,1.047148017798727,1998-08-23
1998Q3,0.9108349634645224,0.8042161762275348,1.047148017798727,0.8996730864513667,1.083492800816593,0.7304690187901998,0.8927379557385634,0.5138857582079737,0.6966650604116522,0.7525023247391978,0.7172520235775174,0.7183014487828661,0.3116216589474442,1.8623876859625852,1998-11-22
1998Q4,0.9169346604036125,0.8308364992586605,1.8623876859625852,0.8412259373099988,0.7394393951961857,0.8229116508157106,0.8664356994138881,0.3558448135672859,0.9203690232278944,1.3071857822945974,0.8545493938638753,0.9050592040819223,0.8167532065391789,1.549371725698245,1999-02-22
1999Q1,0.9209629219659989,0.8285205770969265,1.549371725698245,0.872434354075009,0.9955273383044284,0.8029880629685839,0.7903914705359157,0.16673280819570968,0.8334377882308137,1.1651212700314781,0.7517342799925002,0.8055799283021935,0.5219546956278246,0.7443248567122751,1999-05-25
1999Q2,0.9198449595276842,0.8240091693124189,0.7443248567122751,0.9332963495226039,1.0460630582573414,0.9078769550135477,0.8478651889648813,0.2045551841148674,0.838945069600591,1.0474237157710395,0.7693332226929853,0.8167369386864072,0.55976127611026,0.378099666365328,1999-08-23
1999Q3,0.9164377564260342,0.7794285203730942,0.378099666365328,0.9577131807304112,0.8451842574334081,0.9184846518468469,0.9307604855951002,1.3811040096218976,0.9871550930134345,0.8081599302935237,1.0051328340741605,1.0176705227775282,1.6605906998203013,1.1056774144339476,1999-11-22
1999Q4,0.9176205042885837,0.7857965388151336,1.1056774144339476,0.9029442822991981,0.7533230931698416,0.8340306651879966,0.9992148412301551,1.4483858482750667,1.120880088372332,1.039960730671223,1.0884944347473546,1.1169288936316013,1.7671503859902709,1.7014559867225998,2000-02-22
2000Q1,0.9224890476577389,0.8350407437131068,1.7014559867225998,0.8626779217574785,0.8499510961251852,0.8362102845716117,0.8583716424561101,1.1324085979805087,0.8715735811107873,0.8381528289737966,0.9073433870185628,0.8714958270782786,1.1609909637087772,0.3914296311089638,2000-05-24
2000Q2,0.9192109031111415,0.8260894742262082,0.3914296311089638,0.9603595115921785,1.0818019685032765,0.525603407004084,1.2264500841793455,1.1998692503421036,0.8854855359358991,1.2098805063075422,1.009457756753795,0.9694615532452954,1.447426770265736,0.9724850944350604,2000-08-23
2000Q3,0.9195377386407361,0.8470094579495235,0.9724850944350604,0.9152684112128207,0.9599118303680935,0.6355948551147708,1.2755733408543124,1.0114982919648727,1.1594649141309021,1.1647147214787221,1.049369224708716,0.9784858841362614,0.8304603514366056,0.2806047778803444,2000-11-22
2000Q4,0.9156418059531727,0.867033152617806,0.2806047778803444,0.9652636531204335,0.746902507940024,0.9452489747518164,0.5254939625047039,1.2324058193129028,0.2407374141043318,0.6817782761784646,0.725132889370444,0.5885694670050029,1.5087384817487877,-0.3937681903783629,2001-02-22
2001Q1,0.9077059877935877,0.843419397274304,-0.3937681903783629,1.0047115410548773,1.0349204352820205,0.809860596741753,0.8069805484642549,0.7755991418259118,0.733616031775597,0.6126417940908087,0.7477396225796651,0.655510557727275,0.3826586505540973,0.9430878731353732,2001-05-25
2001Q2,0.9079191316811888,0.8984015267445227,0.9430878731353732,0.905109476158514,0.7633644399124279,1.0027811057799523,0.9435913711554613,1.0249862881626943,0.8422806645183055,0.5637394699906725,0.8754757799214172,0.7686833029062127,0.7910655016701449,0.8764951360102691,2001-08-23
2001Q3,0.9077309640424407,0.9255382113290018,0.8764951360102691,0.9098581849066264,0.8511527467175128,1.0215239794179485,0.907978665066534,0.7162225716623479,0.8445551589178857,0.9038915505618881,0.8788343851253207,0.7897765576769341,0.8125110025662687,1.1439323712937766,2001-11-22
2001Q4,0.9091369247998893,0.9427168896362715,1.1439323712937766,0.8914888141487866,1.1222136049510456,0.9488388444163435,0.9363254477942727,0.6301796208302511,0.9223331779746932,0.8921047559741602,0.8659563693979442,0.7084256353150258,0.5160783039874979,1.1930980332075736,2002-02-22
2002Q1,0.9108171680449051,0.9707939327010158,1.1930980332075736,0.8897339715987584,0.8920275470349396,0.9385038739799407,0.9688401711269323,0.9228599923295869,0.9989626669105632,0.996565971139973,0.9651465350973993,0.9200936964979253,0.9490634156993516,0.7797123391370064,2002-05-25
2002Q2,0.9100459631689763,0.9704792308234822,0.7797123391370064,0.9195388705064913,0.955665636318807,1.0112726853539693,0.9741721012885388,0.7827915846744369,0.9452325982410914,0.9770680953299445,0.9381074129775963,0.8156915229445397,0.8747063595628353,1.7217327853548126,2002-08-23
2002Q3,0.9147926697314667,0.9954188267698727,1.7217327853548126,0.8544132792408177,0.8635324314950339,1.013674376745082,0.977702278329083,0.9604974697744972,1.0305157055325938,0.99648354745046,0.995774675566343,0.9233135401376475,0.9286567597519392,0.246847160466479,2002-11-22
2002Q4,0.9109092656078329,0.9773511413664588,0.246847160466479,0.9616785115483343,0.9021370739551575,0.9779165996595344,0.9436631367066843,0.9061175789592907,1.0220275741892921,0.9778221995997686,0.965509417822914,0.9001463357869124,0.8247831142113927,0.8402653912732427,2003-02-22
2003Q1,0.9105009195134134,0.946001958253459,0.8402653912732427,0.9156924796923094,1.0066966980721366,0.8852603273823652,1.001274393135414,0.8805805638023869,1.0328816519810489,0.9385968259561548,0.947718752451474,0.9059979608017013,0.700269405682683,0.2303606461576901,2003-05-25
2003Q2,0.9065920673676908,0.9344296062454571,0.2303606461576901,0.9579011412457684,0.7090014354517626,0.9565630820770383,0.9224996174542083,0.4825508285890718,0.809752007563105,0.8943765033848027,0.8131484078136453,0.5664943076455219,0.5353934001212047,0.3909473054048096,2003-08-23
2003Q3,0.9036455258707601,0.9299243651002275,0.3909473054048096,0.9416552189624707,1.0024417238079701,0.9891746094682528,0.9171333872489719,0.8344416757775941,0.8652058634542935,0.9386859324473462,0.9089282936792917,0.7920951420783677,0.9435454425672486,1.705483838349786,2003-11-22
2003Q4,0.9082014253734818,0.9695418429187569,1.705483838349786,0.8472747525331338,0.7769869291586892,0.9628077002207879,0.9696231342664338,0.912790806428426,1.0082496302531563,0.991990859677011,0.9690924261691629,0.8924099574756654,0.9820248543254385,1.6993180804282693,2004-02-22
2004Q1,0.9126710109952603,0.9662887470934727,1.6993180804282693,0.8548236037362039,0.9616046319457225,0.90301421730544,0.9750572120357142,1.0049026615025354,0.9601259387509294,0.9827683061620877,0.9651736671513413,0.8616560954352082,1.0220076987772586,0.7462256323616856,2004-05-24
2004Q2,0.9117359245984424,0.9432493604001696,0.7462256323616856,0.9237726658576577,1.12770508131959,0.9529381608596745,0.9438724540347349,1.3415656063845727,0.9510823466868913,0.9373836490884632,1.0253684434108674,0.9637219731345145,1.4349862178271748,0.7367174398758003,2004-08-23
2004Q3,0.9107581677005506,0.9318748034177066,0.7367174398758003,0.9233960190168751,0.8606406736315252,0.8509561573507335,0.9452841117573855,0.9592113817232132,0.9020430689359378,0.8940095255177308,0.9103008490570001,0.7612901456249338,0.7379796169120778,0.6769923853793269,2004-11-22
2004Q4,0.9094594689098772,0.9297380976438335,0.6769923853793269,0.9263467142687027,0.7505872027861243,0.8931385497335599,0.8637062837135869,0.8795896379410248,1.075400345227115,1.0119528710656143,0.9447575375361801,1.0483165467449767,0.9142975666133768,0.765909425445277,2005-02-22
2005Q1,0.9086663747470892,0.921308487164751,0.765909425445277,0.9189446524587151,0.9112006444522435,0.9167890032084124,0.8601233720498906,0.9167537304648482,1.0263262775566744,0.8990144301773834,0.9238013626914418,0.9527863774996949,0.8472494698782389,0.8211967609837778,2005-05-25
2005Q2,0.9081857724736644,0.9438218296836108,0.8211967609837778,0.9143736568241199,0.9059195103263258,0.9886705977007251,0.9387926058281826,1.37357911385499,0.9749578164212754,0.9268969702160283,1.0405794208042403,1.017678244978633,1.3337043409071,0.4457698948359789,2005-08-23
2005Q3,0.9056589097543328,0.9430560870673338,0.4457698948359789,0.9390364027707099,0.942180372401995,0.8746678321817685,0.9446769637606792,0.8987051809441902,0.9101526908608575,0.9518875755635394,0.9160180486622069,0.791673065835471,0.6134743500962483,1.0851978911484483,2005-11-22
2005Q4,0.9066346650879965,0.9124132372999844,1.0851978911484483,0.8933689229488593,0.8934131564006333,0.9081517644720721,0.9158586383180506,1.0128888766177826,0.815565786370671,0.8245432874508792,0.8954016706458912,0.79501812333252,0.8696693790941994,0.8426184672096992,2006-02-22
2006Q1,0.9062886315859517,0.9338802710923254,0.8426184672096992,0.9107720553931535,0.8716583363617183,0.9228578933684638,0.9337025814165866,0.9580731000414517,0.86692067501116,0.8633032168529879,0.90897149333813,0.8021118867657788,0.6666387410390313,0.0669782886575598,2006-05-25
2006Q2,0.9017762103874118,0.8969292484811773,0.0669782886575598,0.9625731787380284,1.0337507598737314,0.9153784969802707,0.9017491487566949,0.9575803964056162,1.091676502748639,0.9690482488638625,0.9670865587510168,0.9869341782606036,1.3025587793043016,0.2396877695603594,2006-08-23
2006Q3,0.898235630489941,0.8869152758857716,0.2396877695603594,0.9444795697767124,0.8534810661982812,0.9047121572690509,0.866049522923524,0.8806971392715204,0.9990338465835561,0.9439278797275688,0.918884109155044,0.9548740881368729,0.8491777192571549,1.5317914318429215,2006-11-22
2006Q4,0.9016056081567122,0.9052669226233949,1.5317914318429215,0.8559207056536631,0.7610257443796791,0.8525693356043915,0.903958926969482,0.8904742793979192,0.9487600262736987,0.9498622151134608,0.9091249566717906,0.8575851578878007,0.9583586792238489,1.2565013407929817,2007-02-22
2007Q1,0.903483363355846,0.9128209480465908,1.2565013407929817,0.8781824038841022,0.9716834664728309,0.906063374563027,0.918804953025544,0.8997277138226119,0.832028301355002,0.8149434836229518,0.8743135652778273,0.8057564204196469,0.5269868429736086,1.3634908292549095,2007-05-25
2007Q2,0.9059044552816305,0.9293478380209195,1.3634908292549095,0.8735064347127844,1.0822515342337236,0.9405260684416964,0.9420805382724173,0.9030395612504222,1.1110108862028496,1.0087558176709588,0.9810825743676688,0.9851107724776839,1.1717760332708345,0.626097080018595,2007-08-23
2007Q3,0.9044394952017194,0.8704261347945039,0.626097080018595,0.9239788568623274,0.8558573398426612,0.8957494555988275,0.9323395071361948,0.9013661729293275,0.8577979016967179,0.8513543571238295,0.8877214788969795,0.8566629471101332,0.9861436008862902,1.2040439733899566,2007-11-22
2007Q4,0.9059999351922832,0.8968189758062731,1.2040439733899566,0.8846023683318813,0.8715999032809987,0.938889822287811,0.9138205759254772,0.9120122308495062,1.0439969650789789,0.7857103115484498,0.9188859811380446,0.8901947815778943,0.9501047151661419,0.3659992866115624,2008-02-22
2008Q1,0.9032020043706214,0.8698749013857023,0.3659992866115624,0.9415980891939069,0.8196917383683304,0.8182105577200851,0.9321676097311926,0.7577505352086259,0.8570622772748663,0.9619152356714171,0.8654212431212374,0.9428635552444993,0.8265548252753612,1.1096664819797877,2008-05-24
2008Q2,0.9042662542552047,0.8823845501576859,1.1096664819797877,0.8892500173605107,0.9560850604150393,0.8817651692052777,0.8876062742149973,0.6857474894648734,0.9363555271595304,0.7360275368749568,0.825500399383927,0.9314536725930583,0.4573898592130593,0.3397038725368118,2008-08-23
2008Q3,0.9013710625540848,0.8646984465261379,0.3397038725368118,0.9419864494878347,0.8161533957620747,0.8361573298270634,0.8730496189787647,0.6466781016171657,0.8956403445783713,0.8563939812184265,0.8215838752439583,0.9315708061773644,0.5469817409109823,0.7077863020613417,2008-11-22
2008Q4,0.9003833852046321,0.8358334119286068,0.7077863020613417,0.9140703430390457,1.0022566306767011,0.7471209787052309,0.7430430919196471,0.7131055066418854,0.6429253788297786,0.5777174512787447,0.6847824814750574,0.6645293930900268,0.10251366966802267,-0.426051355176027,2009-02-22
2009Q1,0.8936502139336642,0.78644783490675,-0.426051355176027,0.9871859773726664,0.8407613215180063,0.7314991144190418,0.6155341970756021,0.9887427410279186,0.5801498619314255,-0.035489909176016576,0.5760872010555943,0.38302543479612056,-0.1755094657800682,1.0061121803147444,2009-05-25
2009Q2,0.8942182036628615,0.7929925179968118,1.0061121803147444,0.8860232856619914,0.9111967029884979,0.9151751960367482,0.5959502011651949,1.3715724129457854,0.5125929538570141,0.5812110447546619,0.7953003617518809,0.4293039081989816,1.1573332154528364,0.6171593057226366,2009-08-23
2009Q3,0.8928259478943178,0.7989690089807444,0.6171593057226366,0.9122361181597998,0.7884896926883215,0.9881162254430793,0.7140886117633097,0.8903386555819394,0.6812387484164951,0.8071387987974389,0.8161842080004524,0.7767887478000761,1.073269364090295,0.3537627590506353,2009-11-22
2009Q4,0.8901306319500992,0.7801711425961616,0.3537627590506353,0.9277716054988626,1.1344104236171866,0.8559613447754211,0.7656003773799565,0.7911720952819189,0.9004183701415633,0.8262182827447521,0.8278740940647223,0.8942181985739536,1.0031105908924753,0.8033187958727872,2010-02-22
2010Q1,0.8896987322681225,0.7577177128249163,0.8033187958727872,0.8955253373544158,0.8181292169373718,0.8044729907693441,0.7946837564377354,0.6083461195250219,0.7906263090819051,0.8392356805077457,0.7674729712643504,0.9661168132466955,0.7561187395926591,0.4448890520992954,2010-05-25
2010Q2,0.8874967041484748,0.7590541983496746,0.4448890520992954,0.9183104581144713,0.8827809862136238,0.7238419937435813,0.6955249828663046,0.4047768115068728,0.8651611350067734,0.7608731880488662,0.6900356222344797,0.931529489555051,0.20532989159471005,0.6225653136779474,2010-08-23
2010Q3,0.8861916234072408,0.7503062038307469,0.6225653136779474,0.9042924613400833,0.9551891064206893,0.7287186857056787,0.8327775889875477,0.7948233845567465,0.7701088627578312,0.7992085034676907,0.7851274050950989,0.8729826635241373,0.8749704542555612,0.7028651254862739,2010-11-22
2010Q4,0.8852929641037066,0.7608627125208949,0.7028651254862739,0.8976934355022246,0.8409872517309067,0.7706952407715095,0.842452335332945,0.7952462146966794,0.8205140282262415,0.7662723950637379,0.7990360428182227,0.861115208836653,0.8946270718269878,0.8366804005283335,2011-02-22
2011Q1,0.8850558296472414,0.7916239272935625,0.8366804005283335,0.8881436031116641,0.918385960920487,0.6676363288956194,0.7862904585576678,0.8049143758954146,0.7951784329475436,0.821553253826259,0.7751145700245008,0.8064866277151171,0.7464403905756622,-0.2915907529950745,2011-05-25
2011Q2,0.8793439530324728,0.7607569616403012,-0.2915907529950745,0.9600444955238903,0.9442948586624899,0.7414017227461855,0.6977198741201225,0.7109997982688889,0.7549248864452666,0.7518316140508741,0.7313755791262675,0.6741137343825536,0.6549199445275048,1.2075152615079965,2011-08-23
2011Q3,0.8809293216724512,0.7690324647777445,1.2075152615079965,0.8576673351560675,0.8393107433853096,0.7894768036401205,0.7633209404496161,0.7193798782371943,0.7597391332795242,0.6678950704907697,0.7399623652194449,0.7865704123800156,0.5276945937749191,1.394235177845471,2011-11-22
2011Q4,0.8833971382886676,0.7752900349415368,1.394235177845471,0.8475509091739355,0.7397391014069472,0.5937790048556828,0.7667207199225097,0.7905436967740025,0.7751780619292337,0.7615808202714451,0.7375604607505748,0.7409205033766003,0.6225705395533117,1.111184801548304,2012-02-22
2012Q1,0.884487031414312,0.7732422041500551,1.111184801548304,0.8685576788792709,1.1208283189333919,0.7302636313781503,0.7731337898275918,0.9079581381010777,0.7707830711148672,0.7790615213753549,0.7922400303594084,0.7290401604127295,0.8791022025433021,1.040933719733017,2012-05-24
2012Q2,0.8852320156444009,0.7797727386649553,1.040933719733017,0.8742373540995484,0.8878570236855616,0.9772499326613346,0.7766157882864728,0.7341556361191535,0.7803639382119885,0.7749687647410646,0.8086708120040027,0.8544121556704027,0.8752517720020649,0.7178224151803025,2012-08-23
2012Q3,0.8844386052156612,0.7546749794105925,0.7178224151803025,0.8956741308013993,0.8346843058480893,0.7706658149166985,0.7318165748168237,0.8416672374460463,0.7457475614623378,0.7148904052772146,0.7609575187838241,0.6711685274446966,0.800365298520538,0.6129002015656582,2012-11-22
2012Q4,0.8831577636890101,0.7638263054380721,0.6129002015656582,0.9014902431200785,0.8642070723086086,0.8145036846938054,0.7324908978956916,0.7873047572191438,0.7585447693513102,0.7346086705032454,0.7654905559326393,0.7502464117105839,0.7737231235161853,0.4418302176149691,2013-02-22
2013Q1,0.8810858033788035,0.7538654260966151,0.4418302176149691,0.9108204785943024,0.8397876116168979,0.6882077371430667,0.7623856729852734,0.7601390981984303,0.7473567994944774,0.7195710314402629,0.7355320678523022,0.7415631802152085,0.6862604942906849,0.5170021221245991,2013-05-25
2013Q2,0.8793844777654659,0.7610314629957878,0.5170021221245991,0.9036055952088058,0.869693034906753,0.816659911373671,0.6805074664478898,0.7332815219280909,0.7592421234667017,0.7080130559800208,0.7395408158392749,0.7627106426736597,0.6297909618646294,0.3782103172390361,2013-08-23
2013Q3,0.8770534351583663,0.7607130382916435,0.3782103172390361,0.9101081230935129,0.8726842440778999,0.8156741497175228,0.6699563427056499,0.7399105390656525,0.7597816352935001,0.7239836892587068,0.7418612712082064,0.7652503556528767,0.6670411552101774,0.8232959421355934,2013-11-22
2013Q4,0.8768045578758534,0.7386583408862888,0.8232959421355934,0.8800779200962568,0.8859648659465349,0.7482611998286437,0.5975643506514932,0.7510150164173511,0.6757752836545134,0.708208480684128,0.6961648662472258,0.6746567646790702,0.6146817869845419,0.7797152443449695,2014-02-22
2014Q1,0.8763571416844669,0.7156682699842063,0.7797152443449695,0.8825035499522839,0.8760633661513615,0.70442142097962,0.6955517009853396,0.6978313941950263,0.7032293828329539,0.7071925678756092,0.7016452933737098,0.7552966848260083,0.6622276872830478,0.779715336035447,2014-05-25
2014Q2,0.8759138306493797,0.7165055125760503,0.779715336035447,0.8820260029475112,0.9478723688503768,0.7164145377753457,0.6912402530691598,0.8233896962912741,0.7203556746359304,0.7136915213076942,0.7330183366158808,0.7289064344658319,0.8021138979095144,0.4983295484730199,2014-08-23
2014Q3,0.8741897015070218,0.7105458152909808,0.4983295484730199,0.8988675792732032,0.8785841121857214,0.7166386424604306,0.6578621483597717,0.7450345217629825,0.6997423019527712,0.6760176400923241,0.6990590509256561,0.678603883324145,0.6858335148429373,0.4005583992554573,2014-11-22
2014Q4,0.8720368319513331,0.7036349656378841,0.4005583992554573,0.9027038486147794,0.8758675310338143,0.7149975763067378,0.6364028866200336,0.7155863398684081,0.6756971436466755,0.6913077728882431,0.6867983438660197,0.7163899822016836,0.6753498557035591,0.3676293376739359,2015-02-22
2015Q1,0.869754445099399,0.6936779634436006,0.3676293376739359,0.9019142043700401,0.8374385321591354,0.6944276881979549,0.7826398909645932,0.7063032273151127,0.7472390554844517,0.7094113644714909,0.7280042452867207,0.8749942477000492,0.7982110261372752,0.9697350314471276,2015-05-25
2015Q2,0.8702048081009653,0.6973914202051843,0.9697350314471276,0.8634369552534679,0.848688020205356,0.6980783459106508,0.7137532427558512,0.7696782520209632,0.6847079651518022,0.7419620534139916,0.7216359718506518,0.778805710934001,0.827494792060497,0.1181775773596571,2015-08-23
2015Q3,0.8668324886806008,0.6892016122682763,0.1181775773596571,0.9152532056483972,0.9136767442558819,0.6893380738639776,0.6918931673535156,0.6708047640661379,0.6960584853276134,0.6698461513273274,0.6835881283877143,0.7591705030507657,0.6883030003661816,0.9742709869335896,2015-11-22
2015Q4,0.8673121248335158,0.6864284396629048,0.9742709869335896,0.8600019022287846,0.9209498395083942,0.6895016925461224,0.8293831038763646,0.7073568956404814,0.716037805591333,0.7185221221633027,0.7321603239635209,0.9024927195268105,0.8337998054425331,0.6206875335904138,2016-02-22
2016Q1,0.8662160155391021,0.6808801663224227,0.6206875335904138,0.8819426991330277,0.7718005238643249,0.6688330397139967,0.653723947058301,0.6966056965175207,0.6891438044329421,0.6848927394920982,0.6786398454429717,0.7376770366482939,0.6180732680777885,0.91647588405932,2016-05-24
2016Q2,0.8664384043378641,0.7021176062074665,0.91647588405932,0.8628371101573197,0.9838422690960291,0.7029753680862105,0.6445775315851283,0.6949007791763848,0.6230724888683241,0.7110013018686585,0.6753054939169413,0.7469267093511648,0.5851170936611886,0.6586603319320261,2016-08-23
2016Q3,0.8655230824329927,0.7125919202667583,0.6586603319320261,0.878736057414926,0.8253852396337067,0.7150631311524157,0.6236607297434386,0.7040838440054932,0.7501778506404213,0.7187185720018652,0.7023408255087269,0.8063559617964067,0.5928727324351233,-0.0093832712207975,2016-11-22
2016Q4,0.8616857738643355,0.6740625526901654,-0.0093832712207975,0.9177234520247745,0.9279550051819019,0.687738822814075,0.6311398970113682,0.616384754065089,0.6797574233271466,0.673842696319372,0.6577727187074102,0.7855091335920628,0.5494102191518107,1.165936591463601,2017-02-22
2017Q1,0.8630143800547254,0.6717984339569307,1.165936591463601,0.8428064139679448,0.776646583325586,0.6822805083938474,0.6820882354808305,0.6720173042113091,0.6890569295320301,0.675130122091621,0.6801146199419276,0.7977057163039886,0.6810776533461365,0.311883605458485,2017-05-25
2017Q2,0.8606181592956113,0.6455082533620201,0.311883605458485,0.8966175398631083,0.822227713668881,0.6416545333805704,0.7153762465881447,0.6410190623052247,0.6617080007201733,0.6291436618826662,0.6577803009753559,0.8716720754477196,0.7094065350346443,0.5984482220155574,2017-08-23
2017Q3,0.8594832245021913,0.6448170319119442,0.5984482220155574,0.8762516369138466,1.018431738029865,0.6366937705770997,0.7005438014624865,0.6446209530283465,0.654944298755844,0.638379748233542,0.6550365144114638,0.8551307393510234,0.7367130876265069,0.9476585168727958,2017-11-22
2017Q4,0.8598632904175816,0.6384073954990152,0.9476585168727958,0.853751783027164,0.7259261174696063,0.6347729399411712,0.662949211195653,0.635064820693376,0.6624113533660714,0.6319391662838749,0.6454274982960293,0.8366920148833064,0.6709650882627309,0.3992832144704028,2018-02-22
2018Q1,0.8578865518942033,0.6392394936954862,0.3992832144704028,0.8877140956458265,0.9334289923067075,0.6457789442182799,0.6529206100603154,0.6485894570796389,0.6148185766214903,0.6419959413051983,0.6408207058569846,0.7598776618781271,0.6638227732355909,1.031201282755534,2018-05-25
2018Q2,0.8586272131372005,0.6372778637148799,1.031201282755534,0.8468747789815834,0.8795995740273012,0.6381117943722213,0.6358657883740244,0.6400658827879662,0.6539444859227244,0.6074063098027475,0.6350788522519368,0.8252959964243504,0.5904670894536771,0.7422174720906227,2018-08-23
2018Q3,0.8581318525370022,0.6473407037037251,0.7422174720906227,0.8654487463925832,0.7970080390470786,0.651088652369928,0.6685212726477414,0.6630370008587692,0.6497578310860492,0.5822543484417996,0.6429318210808574,0.8704677206121362,0.5745849902639377,0.3774536589466581,2018-11-22
2018Q4,0.8560950805302635,0.639082387625858,0.3774536589466581,0.8872887903571958,0.9608520531819075,0.6327633282299775,0.645972880886012,0.6410028190421693,0.6484618016587518,0.5938234069540965,0.6324048473542014,0.798145055968529,0.562986396534565,0.2549328330709199,2019-02-22
2019Q1,0.8535585309629244,0.6561069923320317,0.2549328330709199,0.891928202964504,0.8089249338262096,0.666831404536488,0.6377816397692694,0.665136018253579,0.6119558533047222,0.6492529951476933,0.6461915822023504,0.815457829524996,0.6607351931703682,0.725262387601866,2019-05-25
2019Q2,0.8530194715370378,0.6490857475142098,0.725262387601866,0.8608680840841941,0.7876159517624085,0.6659538421397981,0.6461438506122048,0.685320911600845,0.6631676321935721,0.7470284649327861,0.6815229402958412,0.7183954009931242,0.9939945204413605,0.3056977887915257,2019-08-23
2019Q3,0.8507294226552574,0.641299209590932,0.3056977887915257,0.8852502091306998,0.8659215064287459,0.6525563247936681,0.6319789010234615,0.6573197099913881,0.641573398738061,0.665075688425039,0.6497008045943236,0.7657558949142131,0.7309717796430233,0.5839008079692398,2019-11-22
2019Q4,0.8496176367607321,0.6470526608138971,0.5839008079692398,0.8660778391867056,0.9103181468060818,0.6454105069122164,0.6719005057945033,0.5674589567347362,0.653309720998403,0.6082171417206808,0.6292593664321079,0.7003592943867383,0.4692628507986235,0.5907042582329547,2020-02-22
2020Q1,0.8485433073892477,0.6417372973729012,0.5907042582329547,0.8644260206131459,0.7951137180037923,0.6432724613116977,0.6467150169014795,0.6091049630349715,0.667279844981971,0.6558766491192266,0.6444497870698693,0.6941914802102775,0.652601610383283,-0.2190079267794353,2020-05-24
2020Q2,0.8441319386530133,0.625139872900933,-0.2190079267794353,0.9096127405533305,0.9198091316169986,0.6255118139007189,0.8069046582126732,0.5495537928299902,0.41746120038850865,1.5378660295862288,0.787459498983624,-0.7154795690961586,0.6149018200125138,-6.7428870943964885,2020-08-23
2020Q3,0.8129096381054846,0.44100356269907215,-6.7428870943964885,1.0371149766915404,0.7915913836133178,0.6922096275723487,2.6312674204874895,0.15745717219942018,3.440106543769075,0.07332922065882974,1.3988739969374326,1.2495707464875356,2.7579017393027243,3.4748763489208523,2020-11-22
2020Q4,0.8238193377399737,0.5103038432849366,3.4748763489208523,0.586760494061235,0.18022416114676854,1.1363294026663873,2.379628090362633,0.8294050609925825,2.6300020646577558,1.5954585706405817,1.714164637863988,1.2607893081916957,2.9503110721335144,3.4043535530478897,2021-02-22
2021Q1,0.8343521304555161,0.5744956720979255,3.4043535530478897,0.6652077580665322,-0.10738971137029421,1.0509046078941504,1.729728231936526,1.0113681443549716,1.4190297922446,3.645055055594117,1.7712171664048733,1.2596997516322892,1.8635358691263866,2.1620725429426946,2021-05-25
2021Q2,0.8397493679046512,0.6358372544963697,2.1620725429426946,0.7682737090491734,2.1055603565813064,0.7426564941487657,1.3379916599962822,1.0831960850572557,1.3163569202303367,3.0813279102736746,1.512305813941263,1.1995312856539044,1.6091306281070923,0.8204320685139432,2021-08-23
2021Q3,0.8396711602148101,0.6261601746715184,0.8204320685139432,0.8402927634966869,0.6015297491813736,0.1421505685667402,-0.4314474679271421,1.16777529127324,-1.6511621897672237,2.1762205560888117,0.2807073516468852,0.4394314851568765,-1.095582052175783,-1.712775774111852,2021-11-22
2021Q4,0.8293790354796221,0.5484849008725854,-1.712775774111852,0.9646263586819853,0.5904772317186863,-0.2936711846000374,1.0119695879137007,0.3443776182250282,2.3502528371522384,0.448482377487644,0.7722822472357148,1.0622617807656074,1.5137781710137552,3.628424196629232,2022-02-22
2022Q1,0.8406201807051226,0.6114158857496085,3.628424196629232,0.6344565559398603,0.5903555182765359,0.29383359298166795,3.086436802405268,0.9327825225691784,0.9051488202131958,2.189708476337214,1.4815820429013047,1.1586905003616486,1.4545505148732305,0.9288192135392226,2022-05-25
2022Q2,0.8409729768364589,0.6086130230947637,0.9288192135392226,0.8343037055201298,0.606615496970653,0.7446802563274988,1.5292629279270773,1.0456475402950962,2.623414908779611,1.1736955379351364,1.423340234252884,1.3679836973332444,2.6581853494085372,0.990656205089091,2022-08-23
2022Q3,0.8415693243593777,0.6154338678424833,0.990656205089091,0.830538402782855,1.2510852488478696,0.5168426403030763,1.29455656290943,0.507586177919699,1.3887829433403858,1.1857760487580804,0.9787088746461343,1.028788226278381,1.3437940141823277,0.4804909911776844,2022-11-22
2022Q4,0.840136473830879,0.6121236375827841,0.4804909911776844,0.8654524321806476,0.5345197568058131,0.4950961191345477,1.0464843984583068,0.4731904288612218,1.8687542756103805,0.5863613842018844,0.8939773212532683,1.0306497675257684,1.6718740080681624,0.8251508295049836,2023-02-22
2023Q1,0.8400772420351245,0.6217066528800343,0.8251508295049836,0.8407468721286486,0.8454553062840212,-0.3309650618374421,0.9137585352071307,0.45583207721736535,1.0730050601691754,0.2041259285240674,0.46315130785605935,0.725075519065569,0.9505727742439741,0.4779164419014936,2023-05-25
2023Q2,0.8386514121133384,0.6207295108744567,0.4779164419014936,0.8640205760828246,0.8270976355433528,1.0339914794712262,1.2081843541930242,0.2966758964175471,1.0063723428290388,0.5581596719147045,0.820676748965108,0.9352933167180508,1.0979119956354562,0.4551335993557615,2023-08-23
2023Q3,0.8371474206907598,0.6226525929273748,0.4551335993557615,0.8638659878408298,0.9096352650624735,0.33535005217465835,0.7190318624485439,0.5138491579514045,-0.2215504640329068,0.37741018192185605,0.34481815809271116,0.6156140011305588,-0.0534512540328671,0.4032306491322801,2023-11-22
2023Q4,0.8354524333018595,0.612150960602292,0.4032306491322801,0.8655064592650558,0.8594079398085328,0.9717391029398612,0.7661726340527546,0.5468686140272389,-0.21191512069888085,-0.10579476744946287,0.39341409257430215,0.6251664378822908,0.1761668763673534,-0.0077750498649886,2024-02-22
2024Q1,0.832171392511327,0.592463703247043,-0.0077750498649886,0.8900183158825332,0.9191499257153513,0.22756596913688149,0.3141079519015403,0.4784794676489751,0.6852538490803364,0.45300355980971235,0.43168215951548916,0.7484520316606618,0.5378820783621125,0.2443349871552147,2024-05-24
2024Q2,0.8298929568316521,0.5790791945250373,0.2443349871552147,0.8691522778042491,0.913601212426582,0.8436511028934734,0.6572893667371724,0.3506442992349016,0.6082366751290732,0.14777593455977844,0.5215194757108799,0.7617310273229366,0.6186067987092082,0.2517944831948115,2024-08-23
2024Q3,0.8276609163928998,0.572915817893082,0.2517944831948115,0.8656452046042938,0.8886723415075829,0.9371739050364252,0.8803517499674708,0.4264128657862605,0.7808317802375077,0.26421908064991495,0.6577978763355158,0.8632815563590824,0.8259684259851995,0.3056201977157391,2024-11-22
2024Q4,0.8256530674749107,0.5705423628545891,0.3056201977157391,0.8594143052698983,0.9357682780542358,0.8497812779779386,0.4176423176769082,0.5231986446932989,0.714278720362463,0.7083916948177847,0.6426585311056787,0.8527372345283253,0.6073694983780588,0.437156038152886,2025-02-22
2025Q1,0.8241645731096923,0.5722805303665629,0.437156038152886,0.8489234426471071,0.8953322113211108,0.6621501277641056,0.15084089716556345,0.6198129081058198,0.32944377679213094,0.23206628571934507,0.398862799109393,0.6761210757223524,0.2932288449140937,0.2603839740531688,2025-05-25
2025Q2,0.8220127387621483,0.5545467539317139,0.2603839740531688,0.8577627126378089,0.8980765512315212,0.6234256561062299,0.6076435726302334,0.42666467616043835,0.48593531435073645,0.27311222566543325,0.4833562889826143,0.7571602039880241,0.49630831271052234,0.9687113310942186,2025-08-23
2025Q3,0.8225705280866048,0.5758100977750781,0.9687113310942186,0.8126752388293089,0.8649786957124815,0.7000764734445264,0.031178649023609215,0.5414246262319898,0.24685654101871685,0.06295044702847757,0.316497347349464,0.5595338518779096,0.17694129728802271,0.3819578183176242,2025-11-22
2025Q4,0.8209015405496011,0.5610022685596789,0.3819578183176242,0.8489024045673655,0.8525027731452245,0.7356682026308146,0.1471351014099166,0.5965640071405455,0.613138701780068,0.5889306085018972,0.5362873242926484,0.77112766264989,0.46379669478253405,0.873067319347598,2026-02-22
2026Q1,0.8210983925450652,0.5673117632036085,0.873067319347598,0.8172772098019688,0.8925154394768767,0.5407075161574361,0.624967960355186,0.43777927821422746,0.7575156553500625,0.5622319538718725,0.584640472789757,0.7729430435228573,0.7003368494765074,0.2743353778811297,2026-05-25
